id,firstName,lastName,email,country
1,Dud,Ishak,dishak0@alexa.com,Ukraine
2,Jolyn,Bragg,jbragg1@go.com,United States
3,Sallie,Gaw,sgaw2@mit.edu,France
4,Belle,De Biasi,bdebiasi3@ucla.edu,Democratic Republic of the Congo
5,Bing,Filov,bfilov4@engadget.com,Indonesia
6,West,Douberday,wdouberday5@mozilla.org,Brazil
7,Marion,Northridge,mnorthridge6@newsvine.com,Dominican Republic
8,Hillary,Whittle,hwhittle7@free.fr,China
9,Standford,Semour,ssemour8@live.com,Indonesia
10,Babs,Orridge,borridge9@exblog.jp,Netherlands
11,Arliene,Dunnett,adunnetta@microsoft.com,China
12,Anabal,Bick,abickb@icq.com,Ukraine
13,Thelma,Hoodlass,thoodlassc@ucsd.edu,China
14,Othello,Sperrett,osperrettd@feedburner.com,France
15,Kristal,Herche,kherchee@cbslocal.com,China
16,Archibaldo,Goldberg,agoldbergf@ted.com,Brazil
17,Traver,Sutheran,tsutherang@wired.com,Bosnia and Herzegovina
18,Noelani,Baggally,nbaggallyh@discuz.net,Brazil
19,Maye,Peetermann,mpeetermanni@rambler.ru,Bulgaria
20,Barbara,Coleyshaw,bcoleyshawj@unc.edu,Ecuador
21,Fania,Rewan,frewank@msu.edu,Tunisia
22,Wolfgang,Oakes,woakesl@illinois.edu,Indonesia
23,Ade,O' Timony,aotimonym@gov.uk,Brazil
24,Cherrita,Dyers,cdyersn@wikimedia.org,China
25,Ram,Picknett,rpicknetto@sitemeter.com,Greece
26,Lauree,Welbelove,lwelbelovep@wikipedia.org,Indonesia
27,Christie,Fleischer,cfleischerq@earthlink.net,Iran
28,Winthrop,Hamm,whammr@virginia.edu,Slovenia
29,Cedric,Thring,cthrings@cpanel.net,China
30,Lenci,Skipsey,lskipseyt@oaic.gov.au,China
31,Marna,Breen,mbreenu@gravatar.com,Poland
32,Moss,Doret,mdoretv@flavors.me,Brazil
33,Goldie,Garland,ggarlandw@webeden.co.uk,Brazil
34,Arlena,Armytage,aarmytagex@cocolog-nifty.com,Brazil
35,Ianthe,Hamlen,ihamleny@sakura.ne.jp,Greece
36,Mame,Kenworth,mkenworthz@gmpg.org,Portugal
37,Joletta,O'Keefe,jokeefe10@artisteer.com,Russia
38,Demetris,Golby,dgolby11@privacy.gov.au,United States
39,Brianna,Benez,bbenez12@ustream.tv,China
40,Gratia,Mahedy,gmahedy13@sbwire.com,Philippines
41,Allissa,Kensall,akensall14@de.vu,Russia
42,Ingaberg,Laba,ilaba15@jalbum.net,Brazil
43,Glory,Babalola,gbabalola16@deviantart.com,Ukraine
44,Yorke,Hemms,yhemms17@phpbb.com,China
45,Haskel,Najara,hnajara18@twitpic.com,Sweden
46,Lennie,Portress,lportress19@seesaa.net,Finland
47,Fabian,Goodoune,fgoodoune1a@yellowbook.com,Marshall Islands
48,Valentin,Lambarton,vlambarton1b@ebay.com,Montenegro
49,Colas,Abrahamsen,cabrahamsen1c@deviantart.com,France
50,Christabella,O'Scully,coscully1d@samsung.com,Colombia
51,Bennie,Trinke,btrinke1e@hatena.ne.jp,South Africa
52,Cristian,Mackleden,cmackleden1f@wufoo.com,Chile
53,Rufus,Santello,rsantello1g@trellian.com,China
54,Smith,Songust,ssongust1h@prlog.org,Indonesia
55,Jeni,Rodger,jrodger1i@cnet.com,Indonesia
56,Constanta,Comiam,ccomiam1j@who.int,Mauritius
57,Burty,Cutbirth,bcutbirth1k@domainmarket.com,China
58,Keefer,Caddie,kcaddie1l@nsw.gov.au,France
59,Jarib,Ankers,jankers1m@linkedin.com,France
60,Nikita,Rennolds,nrennolds1n@arizona.edu,China
61,Norris,Millson,nmillson1o@bizjournals.com,Ireland
62,Tait,O' Culligan,toculligan1p@biglobe.ne.jp,Russia
63,Mabel,Ferrarone,mferrarone1q@slate.com,China
64,Shepherd,Doud,sdoud1r@uiuc.edu,Nigeria
65,Alvin,Larmour,alarmour1s@hatena.ne.jp,Poland
66,May,Tellwright,mtellwright1t@youtu.be,Greece
67,Bret,Vallens,bvallens1u@tumblr.com,Ireland
68,Gertrudis,Creavan,gcreavan1v@biglobe.ne.jp,Czech Republic
69,Bev,Bolino,bbolino1w@bbb.org,France
70,Gilberte,Hedgeman,ghedgeman1x@topsy.com,Russia
71,Alf,Hacquoil,ahacquoil1y@rambler.ru,Russia
72,Clemens,Gallager,cgallager1z@bbc.co.uk,Philippines
73,Ezra,Kares,ekares20@unc.edu,China
74,Ugo,Coom,ucoom21@symantec.com,Philippines
75,Arthur,Ruggiero,aruggiero22@phpbb.com,Azerbaijan
76,Rockey,Kindall,rkindall23@elpais.com,Serbia
77,Rurik,Farrear,rfarrear24@symantec.com,China
78,Nichole,Dillow,ndillow25@techcrunch.com,Russia
79,Jorge,Brydie,jbrydie26@people.com.cn,Czech Republic
80,Albrecht,Defries,adefries27@noaa.gov,Indonesia
81,Murvyn,Longstaff,mlongstaff28@webs.com,China
82,Ewan,Crosland,ecrosland29@cloudflare.com,United States
83,Jacynth,Weond,jweond2a@google.ru,China
84,Genni,Butt Gow,gbuttgow2b@360.cn,South Africa
85,Ardelis,Loyley,aloyley2c@free.fr,Russia
86,Sholom,Furtado,sfurtado2d@jiathis.com,Portugal
87,Hedwig,Linn,hlinn2e@redcross.org,Indonesia
88,Rutherford,Blacksell,rblacksell2f@usgs.gov,Thailand
89,Rice,Scrinage,rscrinage2g@statcounter.com,Malaysia
90,Kerry,Kleynen,kkleynen2h@unicef.org,China
91,Deny,Frisel,dfrisel2i@e-recht24.de,Croatia
92,Julee,Chaff,jchaff2j@youtu.be,France
93,Georgie,Eakly,geakly2k@squidoo.com,China
94,Euell,Snoddy,esnoddy2l@blogger.com,Poland
95,Daffie,Jarrold,djarrold2m@barnesandnoble.com,Portugal
96,Elysia,Frewer,efrewer2n@blinklist.com,Indonesia
97,Kimball,Manie,kmanie2o@geocities.jp,Indonesia
98,Durand,Perell,dperell2p@unc.edu,United States
99,Greta,Haigh,ghaigh2q@vimeo.com,Indonesia
100,Oberon,Worswick,oworswick2r@cnet.com,Portugal
101,Martin,Ridesdale,mridesdale2s@mit.edu,Indonesia
102,Curcio,Pitherick,cpitherick2t@weather.com,Brazil
103,Sherwynd,Slimings,sslimings2u@oaic.gov.au,Japan
104,Seumas,Suarez,ssuarez2v@nytimes.com,China
105,Sisile,Louis,slouis2w@mediafire.com,Germany
106,Kilian,Pittam,kpittam2x@blogspot.com,China
107,Vivyanne,Ashmore,vashmore2y@xinhuanet.com,Indonesia
108,Aksel,Hortop,ahortop2z@ifeng.com,Russia
109,Birk,Alves,balves30@devhub.com,Poland
110,Lauren,Eliesco,leliesco31@foxnews.com,China
111,Eugene,Moyles,emoyles32@qq.com,China
112,Karoline,Hourston,khourston33@eepurl.com,China
113,Stormi,Crowley,scrowley34@pagesperso-orange.fr,Sweden
114,Daria,Zielinski,dzielinski35@google.com.au,Sweden
115,Selby,Caveney,scaveney36@sourceforge.net,China
116,Cooper,Fanthome,cfanthome37@skype.com,Lesotho
117,Valentijn,O'Hollegan,vohollegan38@shareasale.com,Portugal
118,Bobbe,O'Moylane,bomoylane39@flickr.com,Malaysia
119,Erinna,Raeside,eraeside3a@vimeo.com,Russia
120,Aili,Saiger,asaiger3b@zimbio.com,Azerbaijan
121,Chrotoem,de Chastelain,cdechastelain3c@photobucket.com,Azerbaijan
122,Adella,MacCall,amaccall3d@soundcloud.com,Peru
123,Leroi,Paulucci,lpaulucci3e@elegantthemes.com,Philippines
124,Audrie,Barnhill,abarnhill3f@dropbox.com,Peru
125,Oswald,Domenget,odomenget3g@hp.com,China
126,Hagen,Blackston,hblackston3h@mayoclinic.com,Peru
127,Morris,Ducarne,mducarne3i@trellian.com,Russia
128,Aarika,Buddle,abuddle3j@indiatimes.com,China
129,Carolann,Bramwell,cbramwell3k@nydailynews.com,South Africa
130,Marcela,Spencers,mspencers3l@opensource.org,Russia
131,Dulcine,Honatsch,dhonatsch3m@youku.com,Indonesia
132,Fons,O'Malley,fomalley3n@craigslist.org,Falkland Islands
133,Dimitri,Rasor,drasor3o@live.com,Brazil
134,Leanna,Burwood,lburwood3p@sakura.ne.jp,Russia
135,Frances,Goady,fgoady3q@chron.com,Bolivia
136,Chantal,McCane,cmccane3r@t-online.de,Canada
137,Lewie,Harness,lharness3s@webs.com,China
138,Blinni,Boughey,bboughey3t@soundcloud.com,Iran
139,Arluene,Scad,ascad3u@hugedomains.com,Croatia
140,Gareth,Shovel,gshovel3v@xrea.com,Canada
141,Horacio,Bremmell,hbremmell3w@ibm.com,Russia
142,Georgina,Westcot,gwestcot3x@soup.io,Brazil
143,Nari,Chevers,nchevers3y@sina.com.cn,Poland
144,Ralina,Hankin,rhankin3z@cdbaby.com,Argentina
145,Cybill,Lantaff,clantaff40@sphinn.com,China
146,Mac,Warrillow,mwarrillow41@arstechnica.com,China
147,Mitch,MacEllen,mmacellen42@newyorker.com,Indonesia
148,Meir,Avramov,mavramov43@aol.com,Iran
149,Merrile,Bomb,mbomb44@webs.com,Slovenia
150,Bathsheba,Waker,bwaker45@gov.uk,Brazil
151,Sunny,Corhard,scorhard46@cloudflare.com,Japan
152,Shayna,Rappa,srappa47@elpais.com,Pakistan
153,Zita,Duiguid,zduiguid48@yahoo.co.jp,United States
154,Franky,Boobier,fboobier49@acquirethisname.com,Netherlands
155,Kristos,Gilhooley,kgilhooley4a@livejournal.com,Honduras
156,Aubert,Thornally,athornally4b@about.com,Ireland
157,Lucretia,Ianno,lianno4c@webnode.com,China
158,Urban,Whitlow,uwhitlow4d@a8.net,Georgia
159,Harold,Rhubottom,hrhubottom4e@wordpress.com,Vietnam
160,Catharina,Banville,cbanville4f@gnu.org,United Kingdom
161,Clerc,Walework,cwalework4g@fda.gov,Thailand
162,Randi,Tonbye,rtonbye4h@cdc.gov,Sweden
163,Louie,Crosscombe,lcrosscombe4i@jiathis.com,Philippines
164,Arch,Shortell,ashortell4j@toplist.cz,China
165,Leigh,Privost,lprivost4k@phoca.cz,France
166,Nicola,Oakenfall,noakenfall4l@goo.ne.jp,China
167,Ira,Gresham,igresham4m@harvard.edu,Japan
168,Shandie,Slee,sslee4n@sbwire.com,France
169,Archambault,Oscroft,aoscroft4o@hibu.com,Indonesia
170,Myrwyn,Kiledal,mkiledal4p@cnbc.com,Brazil
171,Robinett,Hradsky,rhradsky4q@angelfire.com,Portugal
172,Daniel,Duthy,dduthy4r@patch.com,China
173,Daveen,D'Errico,dderrico4s@qq.com,China
174,Jaquelyn,Fer,jfer4t@army.mil,Indonesia
175,Anallise,Edgerly,aedgerly4u@seesaa.net,Morocco
176,Hilary,Marcroft,hmarcroft4v@disqus.com,Philippines
177,Kippar,Butner,kbutner4w@gizmodo.com,Germany
178,Brant,Benezeit,bbenezeit4x@4shared.com,Thailand
179,Rachele,Bissett,rbissett4y@youtube.com,Albania
180,Moishe,Pridham,mpridham4z@japanpost.jp,China
181,Bran,Robbey,brobbey50@scribd.com,China
182,Shawn,Ishaki,sishaki51@virginia.edu,China
183,Killian,Braunfeld,kbraunfeld52@bbb.org,Brazil
184,Ranee,Aartsen,raartsen53@accuweather.com,Zambia
185,Trudi,Asple,tasple54@gmpg.org,Russia
186,Roderich,Hazeup,rhazeup55@mail.ru,Nigeria
187,Monroe,Veevers,mveevers56@homestead.com,Indonesia
188,Enriqueta,Costi,ecosti57@timesonline.co.uk,United States
189,Patrice,Stadden,pstadden58@java.com,Albania
190,Sorcha,Alcock,salcock59@flavors.me,Peru
191,Templeton,Foulis,tfoulis5a@newyorker.com,China
192,Frans,Sellner,fsellner5b@chicagotribune.com,Mongolia
193,Marsha,Tulloch,mtulloch5c@twitpic.com,Spain
194,Annabela,Cadore,acadore5d@fda.gov,Indonesia
195,Tyrus,Clampin,tclampin5e@mapquest.com,Vietnam
196,Rheta,Crownshaw,rcrownshaw5f@live.com,Poland
197,Georgy,Nutkin,gnutkin5g@zdnet.com,China
198,Jakob,Attwoull,jattwoull5h@walmart.com,Tajikistan
199,Lilla,Sackes,lsackes5i@alexa.com,Portugal
200,Charmine,Tremmil,ctremmil5j@cbsnews.com,Philippines
201,Maribelle,Ledington,mledington5k@wordpress.com,Tunisia
202,Tyrus,Alvaro,talvaro5l@uiuc.edu,Greece
203,Kariotta,Gothliff,kgothliff5m@nih.gov,Argentina
204,Dre,Willey,dwilley5n@ocn.ne.jp,Russia
205,Steffane,Silburn,ssilburn5o@ucla.edu,Poland
206,Olga,Klimowicz,oklimowicz5p@eventbrite.com,Ireland
207,Edward,Heater,eheater5q@lulu.com,China
208,Felisha,Garn,fgarn5r@posterous.com,Sweden
209,Maryrose,Dicky,mdicky5s@shutterfly.com,Poland
210,Connie,Wayon,cwayon5t@berkeley.edu,Bosnia and Herzegovina
211,Olga,Fynes,ofynes5u@indiatimes.com,Indonesia
212,Waylin,Rainford,wrainford5v@harvard.edu,Cameroon
213,Aksel,Glanfield,aglanfield5w@zimbio.com,Germany
214,Maryanne,Rothschild,mrothschild5x@arstechnica.com,Uganda
215,Ivor,Miall,imiall5y@auda.org.au,Mozambique
216,Veronique,Perrycost,vperrycost5z@flickr.com,China
217,Nathanial,Capstake,ncapstake60@timesonline.co.uk,Nigeria
218,Obadiah,Halley,ohalley61@smugmug.com,Indonesia
219,Wald,Golling,wgolling62@uiuc.edu,Greece
220,Gannon,Shaddock,gshaddock63@myspace.com,Moldova
221,Luciano,Eltringham,leltringham64@icq.com,Poland
222,Gustavo,Skpsey,gskpsey65@hao123.com,Mongolia
223,Beverlee,Sandaver,bsandaver66@clickbank.net,Sweden
224,Jan,Gisburn,jgisburn67@google.com.au,France
225,Kettie,Lewisham,klewisham68@bbb.org,Iran
226,Ive,Deller,ideller69@fotki.com,Pakistan
227,Svend,Hackwell,shackwell6a@chron.com,Vietnam
228,Rockwell,Toft,rtoft6b@redcross.org,Portugal
229,Klaus,Lowson,klowson6c@nature.com,China
230,Lily,Josifovitz,ljosifovitz6d@skyrock.com,Poland
231,Bron,Schneider,bschneider6e@geocities.com,China
232,Chen,Tabor,ctabor6f@engadget.com,China
233,Lucilia,Agate,lagate6g@sun.com,China
234,Berte,Tibbs,btibbs6h@weather.com,China
235,Luella,Backshaw,lbackshaw6i@bigcartel.com,Russia
236,Wynn,Littleover,wlittleover6j@ihg.com,Thailand
237,Elianore,Tremmel,etremmel6k@skype.com,France
238,Osbert,Veregan,overegan6l@howstuffworks.com,Mongolia
239,Sheena,Fruchter,sfruchter6m@cbslocal.com,Philippines
240,Byron,Butchard,bbutchard6n@reference.com,Vietnam
241,Michel,Peers,mpeers6o@hostgator.com,Yemen
242,Darb,Lippi,dlippi6p@devhub.com,China
243,Joelly,Fleckness,jfleckness6q@artisteer.com,Russia
244,Alfi,Kemster,akemster6r@pen.io,Thailand
245,Omar,McIlwraith,omcilwraith6s@cyberchimps.com,Indonesia
246,Mannie,Greenhaugh,mgreenhaugh6t@mozilla.com,China
247,Hogan,O'Lahy,holahy6u@cbslocal.com,Philippines
248,Con,Bascombe,cbascombe6v@tinyurl.com,Colombia
249,Claudetta,Hallowes,challowes6w@shareasale.com,Japan
250,Gordon,Greser,ggreser6x@reference.com,Philippines
251,Cly,Durnan,cdurnan6y@imgur.com,United States
252,Bertram,Albrooke,balbrooke6z@printfriendly.com,United States
253,Florian,Tuckie,ftuckie70@marketwatch.com,Finland
254,Adolpho,Purveys,apurveys71@hexun.com,Japan
255,Gav,Pippin,gpippin72@surveymonkey.com,Serbia
256,Catherina,Malicki,cmalicki73@google.pl,Indonesia
257,Rance,Traill,rtraill74@unicef.org,Brazil
258,Lolita,Abbs,labbs75@rediff.com,Portugal
259,Winfield,Brugger,wbrugger76@fotki.com,Georgia
260,Elly,Trazzi,etrazzi77@huffingtonpost.com,Canada
261,Crysta,Kobierski,ckobierski78@omniture.com,Guatemala
262,Pietra,Ridett,pridett79@theguardian.com,Canada
263,Richy,Ganter,rganter7a@chronoengine.com,Sweden
264,Caryl,Bardnam,cbardnam7b@devhub.com,Sweden
265,Marget,Onn,monn7c@baidu.com,China
266,Kameko,Bulluck,kbulluck7d@photobucket.com,Afghanistan
267,Karyn,Ather,kather7e@nature.com,Jordan
268,Hillie,Jessup,hjessup7f@technorati.com,Japan
269,Kacy,Tomsett,ktomsett7g@amazon.com,Brazil
270,Ardra,Huie,ahuie7h@list-manage.com,Bhutan
271,Chan,Freyn,cfreyn7i@tripod.com,Honduras
272,Sergei,Piris,spiris7j@berkeley.edu,China
273,Clayborn,Bentjens,cbentjens7k@nhs.uk,Uzbekistan
274,Sonni,Gyves,sgyves7l@java.com,Cuba
275,Marybelle,Kloska,mkloska7m@wsj.com,South Africa
276,Rand,Petrillo,rpetrillo7n@ucla.edu,Mozambique
277,Irma,Klesse,iklesse7o@a8.net,Colombia
278,Abram,McGlew,amcglew7p@businessweek.com,China
279,Aldric,Bromont,abromont7q@blogger.com,Philippines
280,Betty,Craighall,bcraighall7r@walmart.com,Portugal
281,Ruggiero,Twidell,rtwidell7s@weibo.com,Ivory Coast
282,Kalila,Metzke,kmetzke7t@list-manage.com,Tanzania
283,Torrence,Guillard,tguillard7u@acquirethisname.com,United States
284,Mirabelle,Bonder,mbonder7v@wix.com,China
285,Edgardo,Guillou,eguillou7w@blinklist.com,Laos
286,Flinn,Connerly,fconnerly7x@unicef.org,Brazil
287,Faber,Salmond,fsalmond7y@huffingtonpost.com,Burundi
288,Mercy,Fairburne,mfairburne7z@theguardian.com,China
289,Ana,Ruthven,aruthven80@google.es,South Africa
290,Maitilde,Heustice,mheustice81@hatena.ne.jp,Thailand
291,Corine,Bolletti,cbolletti82@jigsy.com,Indonesia
292,Torry,Seagar,tseagar83@hao123.com,China
293,Xymenes,Mamwell,xmamwell84@intel.com,Sweden
294,Zeb,Tewes,ztewes85@parallels.com,China
295,Libbi,Kyttor,lkyttor86@tripod.com,Brazil
296,Zaneta,Yorke,zyorke87@stumbleupon.com,China
297,Meredith,Staines,mstaines88@washingtonpost.com,Poland
298,Syd,Saddler,ssaddler89@reddit.com,Greece
299,Kinny,Reckhouse,kreckhouse8a@thetimes.co.uk,Mongolia
300,Marget,Wilmot,mwilmot8b@telegraph.co.uk,China
301,Francklin,Barenskie,fbarenskie8c@fastcompany.com,Russia
302,Grata,Bansal,gbansal8d@ehow.com,Aland Islands
303,Brooks,Headington,bheadington8e@theatlantic.com,Indonesia
304,Sascha,Cornfoot,scornfoot8f@wp.com,Brazil
305,Leonora,Sibille,lsibille8g@theatlantic.com,Portugal
306,Carol-jean,Pedder,cpedder8h@youku.com,Sao Tome and Principe
307,Otes,Hammonds,ohammonds8i@networkadvertising.org,United States
308,Antonio,Leachman,aleachman8j@auda.org.au,Brazil
309,Padgett,Fanner,pfanner8k@biglobe.ne.jp,China
310,Rea,Saunder,rsaunder8l@usa.gov,Russia
311,Courtnay,Reuter,creuter8m@thetimes.co.uk,China
312,Bertine,Ridewood,bridewood8n@ameblo.jp,Indonesia
313,Fredia,Pettiward,fpettiward8o@senate.gov,Russia
314,Ginger,Schelle,gschelle8p@stumbleupon.com,Russia
315,Briana,Bebbell,bbebbell8q@squarespace.com,Brazil
316,Emily,Leonarde,eleonarde8r@globo.com,Indonesia
317,Hephzibah,Littrell,hlittrell8s@yandex.ru,Colombia
318,Shirlee,Tansley,stansley8t@1und1.de,Indonesia
319,Krissy,Bockmann,kbockmann8u@bravesites.com,Kazakhstan
320,Ree,Trattles,rtrattles8v@biglobe.ne.jp,Indonesia
321,Sibylla,McRavey,smcravey8w@hibu.com,Hungary
322,Tandie,Greneham,tgreneham8x@cyberchimps.com,Philippines
323,Elmira,Penhale,epenhale8y@bing.com,Zambia
324,Ruthi,Norssister,rnorssister8z@ucsd.edu,Indonesia
325,Franklin,McDiarmid,fmcdiarmid90@fotki.com,Belgium
326,Chiquia,Waith,cwaith91@hud.gov,Argentina
327,Griffin,Cornford,gcornford92@opera.com,Indonesia
328,Pietrek,Dedham,pdedham93@reverbnation.com,Indonesia
329,Ninon,Phittiplace,nphittiplace94@facebook.com,China
330,Kiah,Meedendorpe,kmeedendorpe95@multiply.com,Austria
331,Caryl,Hryncewicz,chryncewicz96@mit.edu,Ukraine
332,Alena,Malthus,amalthus97@samsung.com,China
333,Rebecka,Balding,rbalding98@ibm.com,China
334,Sibylla,Buckoke,sbuckoke99@stanford.edu,Czech Republic
335,Lilah,Rentz,lrentz9a@123-reg.co.uk,China
336,Georgetta,Iacomini,giacomini9b@spotify.com,Indonesia
337,Joy,Bellany,jbellany9c@nih.gov,Portugal
338,Mozes,Edlyne,medlyne9d@eepurl.com,China
339,Wildon,Plewes,wplewes9e@naver.com,Portugal
340,Wrennie,Bateman,wbateman9f@tripadvisor.com,Brazil
341,Bennie,Godfrey,bgodfrey9g@yahoo.com,Sweden
342,Waverly,Grosvener,wgrosvener9h@exblog.jp,China
343,Meggi,Stoffel,mstoffel9i@creativecommons.org,Philippines
344,Web,Nials,wnials9j@seesaa.net,Nepal
345,Karol,Ellerby,kellerby9k@salon.com,Sweden
346,Pauly,Mityushkin,pmityushkin9l@meetup.com,France
347,Joann,Aspel,jaspel9m@imageshack.us,Venezuela
348,Alisa,Gaither,agaither9n@seesaa.net,Argentina
349,Celestyn,Strover,cstrover9o@prnewswire.com,Senegal
350,Murdock,Aiston,maiston9p@sbwire.com,Indonesia
351,Ulla,Rocks,urocks9q@yale.edu,Armenia
352,Rafaello,Rouchy,rrouchy9r@hhs.gov,United States
353,Tonye,Corley,tcorley9s@europa.eu,Afghanistan
354,Cathlene,Caw,ccaw9t@google.com,Czech Republic
355,Corrie,enzley,cenzley9u@shareasale.com,Philippines
356,Napoleon,Lugton,nlugton9v@163.com,South Sudan
357,Essy,Reisk,ereisk9w@dot.gov,Ukraine
358,Rey,Flood,rflood9x@ocn.ne.jp,Philippines
359,Demetria,Sedgwick,dsedgwick9y@hao123.com,China
360,Rheta,Salvage,rsalvage9z@uiuc.edu,South Korea
361,Emmett,Challice,echallicea0@storify.com,Greece
362,Dix,Calderhead,dcalderheada1@acquirethisname.com,Australia
363,Vania,Craythorn,vcraythorna2@vistaprint.com,Thailand
364,Myra,Pirouet,mpiroueta3@chicagotribune.com,Philippines
365,Anatol,Kinze,akinzea4@virginia.edu,Brazil
366,Isidore,Bezants,ibezantsa5@mapy.cz,Thailand
367,Saree,Bolletti,sbollettia6@i2i.jp,Canada
368,Salim,Lelievre,slelievrea7@phoca.cz,Russia
369,Culley,Malyon,cmalyona8@github.com,Norway
370,Baxie,Licciardi,blicciardia9@arizona.edu,Nigeria
371,Sig,Longworthy,slongworthyaa@tamu.edu,France
372,Any,Comford,acomfordab@reuters.com,Brazil
373,Devonna,Benedek,dbenedekac@msn.com,Ukraine
374,Burton,Whorton,bwhortonad@ovh.net,Ukraine
375,Sig,Wilshin,swilshinae@networksolutions.com,Tanzania
376,Rhoda,Dawkins,rdawkinsaf@amazon.co.uk,Slovenia
377,Alene,Fisher,afisherag@hhs.gov,China
378,Elie,Missen,emissenah@nhs.uk,Finland
379,Emmi,Widocks,ewidocksai@ft.com,Poland
380,Jana,Jessett,jjessettaj@amazon.co.uk,Colombia
381,Wilbert,Rakes,wrakesak@blinklist.com,France
382,Genvieve,Bisco,gbiscoal@ucoz.com,China
383,Jany,Meaney,jmeaneyam@themeforest.net,Philippines
384,Mair,Fernihough,mfernihoughan@multiply.com,Indonesia
385,Tove,Bonehill,tbonehillao@hp.com,Albania
386,Hyacinthia,Sturney,hsturneyap@house.gov,Senegal
387,Rowland,Slad,rsladaq@chicagotribune.com,Ireland
388,Alonzo,Persent,apersentar@hibu.com,Russia
389,Linc,Godridge,lgodridgeas@hc360.com,United States
390,Rabbi,Cammocke,rcammockeat@imgur.com,Thailand
391,Selene,Corness,scornessau@w3.org,China
392,Payton,Hedan,phedanav@dailymotion.com,Kazakhstan
393,Giorgia,Baldry,gbaldryaw@ucsd.edu,Malaysia
394,Connie,Mattacks,cmattacksax@google.ca,Colombia
395,Quill,Davidovicz,qdavidoviczay@businesswire.com,China
396,Vi,Galbraeth,vgalbraethaz@ustream.tv,Poland
397,Clementia,Barwick,cbarwickb0@issuu.com,Argentina
398,Adore,Gartell,agartellb1@boston.com,Indonesia
399,Milicent,Cullerne,mcullerneb2@photobucket.com,China
400,Pippa,Cousin,pcousinb3@miitbeian.gov.cn,Pakistan
401,Marin,Pauer,mpauerb4@plala.or.jp,Tanzania
402,Gabi,Downse,gdownseb5@patch.com,Portugal
403,Chad,Freer,cfreerb6@ed.gov,Philippines
404,Kelsi,Smalecombe,ksmalecombeb7@so-net.ne.jp,Indonesia
405,Larissa,Rubes,lrubesb8@harvard.edu,China
406,Octavia,Oag,ooagb9@seesaa.net,Philippines
407,Efrem,Hawtrey,ehawtreyba@java.com,Indonesia
408,Rod,MacCombe,rmaccombebb@spiegel.de,Peru
409,Neilla,Snalum,nsnalumbc@msu.edu,Tajikistan
410,Justis,Stanistreet,jstanistreetbd@tripadvisor.com,Brazil
411,Krishnah,Allibon,kallibonbe@un.org,Indonesia
412,Nata,Ruspine,nruspinebf@miibeian.gov.cn,Brazil
413,Antoinette,Pharro,apharrobg@admin.ch,Russia
414,Karilynn,Vousden,kvousdenbh@wikia.com,Cameroon
415,Thaxter,Sisnett,tsisnettbi@hp.com,United States
416,Bibbie,Few,bfewbj@comsenz.com,Armenia
417,Hilly,Saich,hsaichbk@cocolog-nifty.com,France
418,Dulcia,McIlheran,dmcilheranbl@netscape.com,Burkina Faso
419,Maje,Astles,mastlesbm@nyu.edu,China
420,Goddard,Cuttell,gcuttellbn@engadget.com,Sweden
421,Jackelyn,Vondruska,jvondruskabo@furl.net,Indonesia
422,Roxana,Aish,raishbp@dmoz.org,China
423,Rubetta,Aireton,rairetonbq@blog.com,China
424,Eugenio,Aymeric,eaymericbr@sourceforge.net,Brazil
425,Doralynn,Yushin,dyushinbs@youku.com,Poland
426,Ole,Caesman,ocaesmanbt@ftc.gov,Peru
427,Rina,Vawton,rvawtonbu@bandcamp.com,Indonesia
428,Eleanor,Askie,easkiebv@chron.com,Ukraine
429,Parsifal,Jellett,pjellettbw@smh.com.au,China
430,Marjory,Josifovic,mjosifovicbx@illinois.edu,China
431,Abigael,Hoodless,ahoodlessby@spiegel.de,Canada
432,Jourdan,Liddle,jliddlebz@adobe.com,Japan
433,Cordy,Randalson,crandalsonc0@bandcamp.com,China
434,Percival,Cello,pcelloc1@oaic.gov.au,Argentina
435,Clarissa,Stansbie,cstansbiec2@nih.gov,Thailand
436,Wallis,Gregoletti,wgregolettic3@webs.com,France
437,Winfield,Licence,wlicencec4@ask.com,Brazil
438,Lou,De Winton,ldewintonc5@issuu.com,China
439,Natale,Rodway,nrodwayc6@statcounter.com,Philippines
440,Kristina,Woodrow,kwoodrowc7@ox.ac.uk,China
441,Eberhard,Brough,ebroughc8@creativecommons.org,Indonesia
442,Jakob,Hanscomb,jhanscombc9@bloglines.com,Tanzania
443,Charlotta,Romanin,cromaninca@oracle.com,France
444,Jourdain,Soltan,jsoltancb@reuters.com,China
445,Job,Adrien,jadriencc@seattletimes.com,Sweden
446,Peder,Allenson,pallensoncd@unicef.org,Marshall Islands
447,Orella,Housego,ohousegoce@salon.com,Russia
448,Ethan,McKeeman,emckeemancf@merriam-webster.com,Poland
449,Domeniga,Mancell,dmancellcg@accuweather.com,Czech Republic
450,Padgett,Brudenell,pbrudenellch@reddit.com,Iceland
451,Dedra,Bickardike,dbickardikeci@wikimedia.org,Dominican Republic
452,Florinda,Denacamp,fdenacampcj@hibu.com,United States
453,Mal,Ousbie,mousbieck@reverbnation.com,Brazil
454,Julina,Troughton,jtroughtoncl@yandex.ru,Zimbabwe
455,Donall,Campo,dcampocm@netscape.com,Lithuania
456,Sophronia,Mallinson,smallinsoncn@netscape.com,Italy
457,Dion,Craddock,dcraddockco@npr.org,China
458,Shirline,Bramley,sbramleycp@mozilla.org,Russia
459,Nicol,Lockhart,nlockhartcq@usgs.gov,China
460,Ruthanne,Pleven,rplevencr@tripod.com,Philippines
461,Gilbertine,Linney,glinneycs@pinterest.com,China
462,Codi,Varley,cvarleyct@independent.co.uk,Thailand
463,Elinore,Bavage,ebavagecu@pbs.org,Czech Republic
464,Clo,Naismith,cnaismithcv@jalbum.net,Ukraine
465,Gherardo,Gatecliff,ggatecliffcw@blogspot.com,Poland
466,Dermot,Adamowitz,dadamowitzcx@amazon.com,Indonesia
467,Monroe,Stit,mstitcy@cargocollective.com,Nepal
468,Kimbra,Figurski,kfigurskicz@google.fr,Indonesia
469,Niven,Annes,nannesd0@sciencedaily.com,Israel
470,Alfy,Gissing,agissingd1@xrea.com,Indonesia
471,Llywellyn,Melia,lmeliad2@nhs.uk,Philippines
472,Maure,Shankland,mshanklandd3@acquirethisname.com,Indonesia
473,Rikki,Sainthill,rsainthilld4@zdnet.com,Indonesia
474,Faustine,Mattingly,fmattinglyd5@dmoz.org,Serbia
475,Daisie,Hullot,dhullotd6@photobucket.com,Iceland
476,Adrien,O'Keefe,aokeefed7@blogspot.com,Thailand
477,Janna,MacNockater,jmacnockaterd8@tiny.cc,Indonesia
478,Rozele,Eouzan,reouzand9@cocolog-nifty.com,China
479,Jodi,Trowel,jtrowelda@ucoz.com,Indonesia
480,Barclay,Branca,bbrancadb@bing.com,Brazil
481,Horatio,McEvay,hmcevaydc@telegraph.co.uk,Venezuela
482,Rosanna,O'Gormally,rogormallydd@google.com.br,Brazil
483,Wenonah,Pree,wpreede@economist.com,Portugal
484,Grange,Gate,ggatedf@vimeo.com,Russia
485,Pace,Ragot,pragotdg@unesco.org,Canada
486,Merridie,Chessell,mchesselldh@webmd.com,Madagascar
487,Conchita,Espinho,cespinhodi@phoca.cz,Indonesia
488,Cassaundra,Spier,cspierdj@ucsd.edu,China
489,Dareen,Winn,dwinndk@youtu.be,Malaysia
490,Chic,Echalie,cechaliedl@com.com,Luxembourg
491,Pamelina,Talks,ptalksdm@google.ca,Indonesia
492,Vladimir,Bremen,vbremendn@intel.com,Cyprus
493,Moore,Keemer,mkeemerdo@squidoo.com,Colombia
494,Isabelita,Hauger,ihaugerdp@adobe.com,China
495,Ellis,McTrustie,emctrustiedq@weather.com,China
496,Chrissie,Scawton,cscawtondr@yellowpages.com,Colombia
497,Beverley,Neesham,bneeshamds@timesonline.co.uk,Madagascar
498,Verge,Buxsey,vbuxseydt@oakley.com,Indonesia
499,Edd,Bartalin,ebartalindu@nature.com,Burkina Faso
500,Alessandra,Withey,awitheydv@amazon.co.jp,Uganda
501,Tally,Ruse,trusedw@toplist.cz,Armenia
502,Esme,Fliege,efliegedx@unicef.org,New Zealand
503,Vallie,Tassaker,vtassakerdy@admin.ch,Brazil
504,Anett,Hedger,ahedgerdz@engadget.com,China
505,Hestia,Casine,hcasinee0@aboutads.info,Costa Rica
506,Gabie,Dungee,gdungeee1@si.edu,China
507,Brandon,Rawdall,brawdalle2@auda.org.au,China
508,Lisle,Olliar,lolliare3@disqus.com,United States
509,Hiram,Reen,hreene4@japanpost.jp,Russia
510,Brnaba,Chazerand,bchazerande5@indiegogo.com,Serbia
511,Diarmid,Gras,dgrase6@jugem.jp,France
512,Marylou,Aneley,maneleye7@nhs.uk,Indonesia
513,Beverlie,Achrameev,bachrameeve8@boston.com,Serbia
514,Hansiain,Danielsson,hdanielssone9@ustream.tv,Philippines
515,Emerson,Orrin,eorrinea@wikispaces.com,Brazil
516,Aura,Danilovitch,adanilovitcheb@nbcnews.com,Vietnam
517,Umeko,Hudleston,uhudlestonec@oaic.gov.au,China
518,Maggi,Chippendale,mchippendaleed@illinois.edu,Russia
519,Butch,Rubenfeld,brubenfeldee@163.com,Indonesia
520,Tobey,Desborough,tdesboroughef@skype.com,Canada
521,Shaine,Svanini,ssvaninieg@mapy.cz,Philippines
522,Samuel,Cescot,scescoteh@t.co,Russia
523,Jethro,Wildish,jwildishei@purevolume.com,Bosnia and Herzegovina
524,Brianne,Ellerman,bellermanej@ameblo.jp,Czech Republic
525,Ragnar,Davidoff,rdavidoffek@psu.edu,China
526,Judd,Frackiewicz,jfrackiewiczel@toplist.cz,Russia
527,Monte,Stuckley,mstuckleyem@networkadvertising.org,Nigeria
528,Sean,Roskrug,sroskrugen@nhs.uk,Vietnam
529,Jacki,Loyns,jloynseo@people.com.cn,Russia
530,Van,Bau,vbauep@si.edu,Indonesia
531,Salvidor,Schubuser,sschubusereq@hibu.com,Finland
532,Aili,Curmi,acurmier@eventbrite.com,France
533,Mohandas,Collis,mcollises@pbs.org,United States
534,Dallas,Ateggart,dateggartet@umn.edu,Kyrgyzstan
535,Conrad,Muscott,cmuscotteu@cornell.edu,North Korea
536,Amitie,Woodworth,awoodworthev@hhs.gov,Argentina
537,Pandora,Guilloton,pguillotonew@prlog.org,Luxembourg
538,Hardy,Prati,hpratiex@utexas.edu,China
539,Kirk,Koppes,kkoppesey@miitbeian.gov.cn,China
540,Ginny,Vankov,gvankovez@si.edu,China
541,Roland,Rubinshtein,rrubinshteinf0@de.vu,Indonesia
542,Tabbatha,Sirrell,tsirrellf1@unblog.fr,Indonesia
543,Rory,Orton,rortonf2@smugmug.com,Brazil
544,Veda,Kennington,vkenningtonf3@ycombinator.com,Peru
545,Brantley,Doige,bdoigef4@devhub.com,Serbia
546,Timmie,Cheasman,tcheasmanf5@opera.com,Malta
547,Yuri,Mandifield,ymandifieldf6@github.io,Poland
548,Bailie,Eastmond,beastmondf7@amazon.co.uk,Greece
549,Maurie,Ciccetti,mciccettif8@washington.edu,United States
550,Felipa,Barker,fbarkerf9@ask.com,Spain
551,Marnia,Simonini,msimoninifa@seesaa.net,Latvia
552,Quinton,Lawrenceson,qlawrencesonfb@networkadvertising.org,Slovenia
553,Isak,Bywaters,ibywatersfc@over-blog.com,Indonesia
554,Happy,Tattershall,htattershallfd@naver.com,China
555,Therine,Housegoe,thousegoefe@sogou.com,Kazakhstan
556,Carlin,Smallsman,csmallsmanff@tumblr.com,Russia
557,Thacher,Uglow,tuglowfg@jalbum.net,Reunion
558,Skylar,Reinisch,sreinischfh@typepad.com,Indonesia
559,Chandal,Guilbert,cguilbertfi@naver.com,China
560,Chase,Oakland,coaklandfj@narod.ru,China
561,Dagny,Cardon,dcardonfk@ed.gov,Japan
562,Gweneth,Labbez,glabbezfl@list-manage.com,Indonesia
563,Khalil,Keneforde,kkenefordefm@yahoo.co.jp,Russia
564,Hillier,Cella,hcellafn@google.pl,Mexico
565,Rubetta,McKeowon,rmckeowonfo@jigsy.com,China
566,Olivette,Fransseni,ofranssenifp@ning.com,China
567,Maitilde,Sacase,msacasefq@buzzfeed.com,France
568,Alexia,Darcy,adarcyfr@nba.com,Bulgaria
569,Alleen,Aldridge,aaldridgefs@nih.gov,China
570,Aeriela,Randles,arandlesft@about.com,Japan
571,Norton,Geard,ngeardfu@nationalgeographic.com,China
572,Keene,Boon,kboonfv@theglobeandmail.com,Slovakia
573,Zsazsa,Geggie,zgeggiefw@cpanel.net,France
574,Brooke,Matzke,bmatzkefx@csmonitor.com,Cameroon
575,Julie,Royste,jroystefy@ihg.com,Russia
576,Corbie,Noke,cnokefz@ebay.co.uk,France
577,Nonah,Ryland,nrylandg0@opensource.org,China
578,Tasha,Saffin,tsaffing1@smh.com.au,Indonesia
579,Brynna,Diben,bdibeng2@economist.com,Russia
580,Ernaline,Comolli,ecomollig3@ft.com,Philippines
581,Ray,Pascall,rpascallg4@storify.com,Russia
582,Shandy,Le Barr,slebarrg5@microsoft.com,Armenia
583,Rosana,Spadaro,rspadarog6@pen.io,Serbia
584,Dennis,Shawell,dshawellg7@fc2.com,China
585,Devondra,Rosenthal,drosenthalg8@hc360.com,Indonesia
586,Montague,Bleackley,mbleackleyg9@bing.com,China
587,Seth,Kliemchen,skliemchenga@adobe.com,Indonesia
588,Aubry,Eim,aeimgb@tripod.com,Greece
589,Leupold,Platt,lplattgc@alexa.com,China
590,Lombard,Streets,lstreetsgd@ovh.net,Portugal
591,Kati,Boulder,kboulderge@theatlantic.com,France
592,Maggee,Hunnaball,mhunnaballgf@dion.ne.jp,Ukraine
593,Jonis,Trowell,jtrowellgg@a8.net,Colombia
594,Jehanna,Vint,jvintgh@spiegel.de,France
595,Kaycee,Krook,kkrookgi@miibeian.gov.cn,Mauritius
596,Ulberto,Gwin,ugwingj@bravesites.com,Colombia
597,Trumaine,Franzotto,tfranzottogk@homestead.com,Sweden
598,Winnifred,Raspel,wraspelgl@berkeley.edu,Palestinian Territory
599,Ladonna,Agglio,laggliogm@cafepress.com,Ukraine
600,Jonie,Greally,jgreallygn@creativecommons.org,Albania
601,Pooh,Jori,pjorigo@unesco.org,Tunisia
602,Meier,Morgan,mmorgangp@state.tx.us,Indonesia
603,Cherise,Roback,crobackgq@clickbank.net,Indonesia
604,Odille,Groarty,ogroartygr@prweb.com,China
605,Eolande,Tommis,etommisgs@weibo.com,Brazil
606,Wittie,Handrek,whandrekgt@usatoday.com,Peru
607,Justin,Whatham,jwhathamgu@reuters.com,China
608,Sibby,Sarjent,ssarjentgv@gravatar.com,China
609,Tiffany,Frondt,tfrondtgw@hexun.com,China
610,Foster,Ranklin,franklingx@dailymail.co.uk,Colombia
611,Lombard,Kebbell,lkebbellgy@blogtalkradio.com,Lebanon
612,Damaris,Saiger,dsaigergz@meetup.com,Indonesia
613,Rufe,Bilbery,rbilberyh0@nymag.com,Poland
614,Cosme,Alan,calanh1@opensource.org,Portugal
615,Armstrong,Buckenhill,abuckenhillh2@utexas.edu,Poland
616,Christi,Warsap,cwarsaph3@netscape.com,Indonesia
617,Margi,Walsh,mwalshh4@unc.edu,China
618,Georgianne,Halladay,ghalladayh5@shareasale.com,Czech Republic
619,Averell,Sutherington,asutheringtonh6@intel.com,Indonesia
620,Carlene,Ruddy,cruddyh7@jugem.jp,Norway
621,Yuri,Lodevick,ylodevickh8@spiegel.de,Turkmenistan
622,Inez,Mandres,imandresh9@jalbum.net,China
623,Prentice,Streeter,pstreeterha@cisco.com,Portugal
624,Truman,Danielli,tdaniellihb@stanford.edu,France
625,Wylma,Farman,wfarmanhc@independent.co.uk,Japan
626,Brandea,Lacoste,blacostehd@nsw.gov.au,Austria
627,Tanya,Broadbere,tbroadberehe@rakuten.co.jp,Ivory Coast
628,Stavro,Donaldson,sdonaldsonhf@cargocollective.com,Palestinian Territory
629,Peirce,Frankum,pfrankumhg@mlb.com,Greece
630,Bambi,Keeley,bkeeleyhh@naver.com,France
631,Margaretha,Dunlop,mdunlophi@toplist.cz,China
632,Corby,Wince,cwincehj@jiathis.com,China
633,Elia,Newdick,enewdickhk@dmoz.org,Indonesia
634,Waite,McFadden,wmcfaddenhl@mysql.com,Philippines
635,Salvador,Orum,sorumhm@hibu.com,China
636,Ira,Lewsley,ilewsleyhn@furl.net,Ukraine
637,Aleda,Rive,ariveho@noaa.gov,Indonesia
638,Chrissy,Molesworth,cmolesworthhp@storify.com,Indonesia
639,Tasia,Eckery,teckeryhq@vistaprint.com,Portugal
640,Windy,Jouaneton,wjouanetonhr@webeden.co.uk,China
641,Sadella,Buntain,sbuntainhs@twitpic.com,China
642,Lombard,Jelphs,ljelphsht@amazon.de,Indonesia
643,Mohandis,Westover,mwestoverhu@adobe.com,Russia
644,Winny,Meenehan,wmeenehanhv@weather.com,Ukraine
645,Yasmeen,Bartel,ybartelhw@dell.com,Portugal
646,Loraine,Katte,lkattehx@tinyurl.com,China
647,Alvin,Farries,afarrieshy@japanpost.jp,Russia
648,Silvia,Mazzilli,smazzillihz@reuters.com,Russia
649,Arabelle,Dury,aduryi0@ehow.com,Thailand
650,Babara,Headly,bheadlyi1@techcrunch.com,Macedonia
651,Ashli,Keaveney,akeaveneyi2@php.net,Finland
652,Lenci,Murdy,lmurdyi3@hc360.com,Brazil
653,Felizio,Klyn,fklyni4@wikispaces.com,China
654,Priscella,Twede,ptwedei5@hexun.com,China
655,Peggy,Bosnell,pbosnelli6@cbc.ca,Brazil
656,Lorianne,McNirlan,lmcnirlani7@accuweather.com,Macedonia
657,Louis,Burnyeat,lburnyeati8@wufoo.com,Czech Republic
658,Hort,Banke,hbankei9@shutterfly.com,Philippines
659,Todd,Frankling,tfranklingia@yahoo.com,China
660,Artair,Pallis,apallisib@tripadvisor.com,China
661,Rochelle,Creeboe,rcreeboeic@paypal.com,United States
662,Philbert,Pickering,ppickeringid@tripadvisor.com,Mexico
663,Corey,Severy,cseveryie@yellowbook.com,China
664,Carmita,Enos,cenosif@tinypic.com,China
665,Hale,Winskill,hwinskillig@archive.org,Philippines
666,Sisely,Paris,sparisih@blog.com,China
667,Birgitta,Tournie,btournieii@webnode.com,Venezuela
668,Harper,Baxstare,hbaxstareij@spiegel.de,Japan
669,Deedee,Biggins,dbigginsik@msn.com,Indonesia
670,Wallas,Spurdens,wspurdensil@reuters.com,Poland
671,Myrlene,Cogley,mcogleyim@ucoz.ru,Bhutan
672,Carlyn,Geroldini,cgeroldiniin@hibu.com,Ukraine
673,Amargo,Cheatle,acheatleio@printfriendly.com,Costa Rica
674,Chandra,Hawney,chawneyip@bbb.org,Sweden
675,Jens,Mannock,jmannockiq@mit.edu,Russia
676,Ennis,Staneland,estanelandir@bloglovin.com,Brazil
677,Shani,Astley,sastleyis@jiathis.com,Brazil
678,Trish,Pinfold,tpinfoldit@wisc.edu,Bosnia and Herzegovina
679,Susannah,Strangwood,sstrangwoodiu@naver.com,Ireland
680,Justino,McKeney,jmckeneyiv@bbb.org,Sweden
681,Milton,Egan,meganiw@seesaa.net,Brazil
682,Katrine,Troop,ktroopix@ca.gov,Cuba
683,Marcella,Pankethman,mpankethmaniy@jugem.jp,China
684,Ferdie,Wipfler,fwipfleriz@toplist.cz,China
685,Ransom,Gianilli,rgianillij0@washingtonpost.com,China
686,Emelen,Fanner,efannerj1@sitemeter.com,Russia
687,Christel,Franey,cfraneyj2@unc.edu,Japan
688,Elaine,Collymore,ecollymorej3@ca.gov,Brazil
689,Ella,Fitchett,efitchettj4@github.io,Brazil
690,Lyda,Bessey,lbesseyj5@w3.org,Thailand
691,Wat,Lippini,wlippinij6@sphinn.com,China
692,Selena,Merrington,smerringtonj7@dot.gov,Netherlands
693,Gaspar,Garton,ggartonj8@blogspot.com,Slovenia
694,Kandace,Shalloe,kshalloej9@bbb.org,Russia
695,Vanda,Peartree,vpeartreeja@pagesperso-orange.fr,Ukraine
696,Carmelle,Bawdon,cbawdonjb@soup.io,Indonesia
697,Raviv,Liverseege,rliverseegejc@tamu.edu,Czech Republic
698,Paton,Medlin,pmedlinjd@goodreads.com,Georgia
699,Janet,Tomasello,jtomaselloje@indiegogo.com,Brazil
700,Jaimie,Waggatt,jwaggattjf@clickbank.net,Argentina
701,Yevette,Skeats,yskeatsjg@sakura.ne.jp,Sweden
702,Abbey,Huggard,ahuggardjh@stanford.edu,Indonesia
703,Bartlett,Mawman,bmawmanji@blogtalkradio.com,Canada
704,Amelita,Nyland,anylandjj@ifeng.com,Philippines
705,Gal,Maciunas,gmaciunasjk@mediafire.com,China
706,Gil,Bazeley,gbazeleyjl@auda.org.au,Taiwan
707,Margette,Harly,mharlyjm@typepad.com,Nicaragua
708,Shandeigh,Strelitzer,sstrelitzerjn@people.com.cn,Indonesia
709,Paco,Webburn,pwebburnjo@sciencedaily.com,Philippines
710,Farlee,Clemo,fclemojp@businesswire.com,China
711,Haroun,Millier,hmillierjq@mail.ru,Russia
712,Perice,Pentony,ppentonyjr@google.co.jp,China
713,Starr,Feild,sfeildjs@omniture.com,China
714,Fancy,Soall,fsoalljt@tamu.edu,Cameroon
715,Sapphire,Picker,spickerju@ezinearticles.com,China
716,Win,Wraight,wwraightjv@intel.com,Ukraine
717,Clerissa,McGilbon,cmcgilbonjw@virginia.edu,Liberia
718,Francesca,Jacobson,fjacobsonjx@irs.gov,Indonesia
719,Shaylah,Trammel,strammeljy@chron.com,United States
720,Linnea,Batalini,lbatalinijz@mapquest.com,Georgia
721,Vina,Enderby,venderbyk0@foxnews.com,China
722,Olivier,Doyland,odoylandk1@homestead.com,Poland
723,Adore,Spratt,asprattk2@time.com,United States
724,Aurea,Wodeland,awodelandk3@who.int,Philippines
725,Derril,Pattlel,dpattlelk4@craigslist.org,Bolivia
726,Suzy,Herreran,sherrerank5@guardian.co.uk,Brazil
727,Alisander,Laffling,alafflingk6@techcrunch.com,Canada
728,Matthias,Cissen,mcissenk7@google.it,Finland
729,Skylar,Wibrew,swibrewk8@examiner.com,Vietnam
730,Jermaine,Birney,jbirneyk9@tripadvisor.com,United Kingdom
731,Aleece,Boskell,aboskellka@mapquest.com,Sri Lanka
732,Agneta,Billitteri,abillitterikb@home.pl,China
733,Deck,Anthon,danthonkc@hao123.com,Philippines
734,Sosanna,Ockland,socklandkd@foxnews.com,China
735,Aida,Crutchley,acrutchleyke@google.cn,China
736,Cally,Blaszczyk,cblaszczykkf@php.net,China
737,Antonino,Caselick,acaselickkg@europa.eu,Portugal
738,Maryrose,MacTrustrie,mmactrustriekh@imageshack.us,Philippines
739,Dalt,Neno,dnenoki@nps.gov,Brazil
740,Duke,Mordecai,dmordecaikj@devhub.com,Argentina
741,Cheslie,Gunnell,cgunnellkk@sciencedaily.com,Philippines
742,Leupold,Bouzek,lbouzekkl@amazon.de,Russia
743,Dela,Rudram,drudramkm@tinypic.com,Ghana
744,Aggy,Cobley,acobleykn@technorati.com,Portugal
745,Stefano,Dowdell,sdowdellko@about.com,China
746,Bernardine,Tanton,btantonkp@xrea.com,China
747,Thomasin,Burgott,tburgottkq@facebook.com,Canada
748,Russell,Baud,rbaudkr@tripadvisor.com,Sweden
749,Dame,Lippett,dlippettks@harvard.edu,Russia
750,Lorry,Eton,letonkt@mac.com,Honduras
751,Mariann,Barks,mbarksku@icq.com,China
752,Gordie,Montel,gmontelkv@msu.edu,China
753,Dory,Percy,dpercykw@bluehost.com,Tunisia
754,Kore,Santry,ksantrykx@dell.com,Portugal
755,Aldus,Fortin,afortinky@icio.us,China
756,Bowie,Garrould,bgarrouldkz@globo.com,China
757,Gunner,Shayes,gshayesl0@acquirethisname.com,Portugal
758,Juliet,De Zamudio,jdezamudiol1@chron.com,Uzbekistan
759,Elsi,Philpotts,ephilpottsl2@comsenz.com,Panama
760,Homerus,Zaple,hzaplel3@utexas.edu,Brazil
761,Crichton,Rigglesford,crigglesfordl4@diigo.com,Israel
762,Langsdon,Crocker,lcrockerl5@infoseek.co.jp,Luxembourg
763,Con,Duberry,cduberryl6@cbc.ca,Indonesia
764,Tymothy,Donn,tdonnl7@kickstarter.com,Argentina
765,Farrand,Bleakley,fbleakleyl8@telegraph.co.uk,Guatemala
766,Fidelia,Angove,fangovel9@fda.gov,China
767,Anders,Bowe,abowela@ning.com,France
768,Madelin,Guly,mgulylb@trellian.com,Portugal
769,Merrilee,Hilling,mhillinglc@pagesperso-orange.fr,Indonesia
770,Phyllida,Frostdicke,pfrostdickeld@ucoz.com,Ukraine
771,Andie,Dinnage,adinnagele@patch.com,China
772,Ninette,Fayne,nfaynelf@time.com,Indonesia
773,Meir,Simants,msimantslg@mediafire.com,Philippines
774,Bennett,Penketh,bpenkethlh@ihg.com,China
775,Katrinka,Burry,kburryli@soup.io,China
776,Wallis,Paula,wpaulalj@163.com,France
777,Paola,Dalgarno,pdalgarnolk@xrea.com,Venezuela
778,Joby,Bagniuk,jbagniukll@unc.edu,United States
779,Francklyn,Huttley,fhuttleylm@artisteer.com,United States
780,Alecia,Simonnot,asimonnotln@digg.com,Macedonia
781,Michaeline,Caldera,mcalderalo@51.la,Croatia
782,Sapphire,Chaffyn,schaffynlp@ucoz.com,China
783,Zach,Bettesworth,zbettesworthlq@digg.com,Portugal
784,Sibley,Gillard,sgillardlr@clickbank.net,Mali
785,Reggis,Shale,rshalels@ifeng.com,Poland
786,Lisle,Ewell,lewelllt@wix.com,Sweden
787,Kirstyn,Whitmell,kwhitmelllu@amazonaws.com,Canada
788,Davis,Bennit,dbennitlv@woothemes.com,Albania
789,Grayce,Zoellner,gzoellnerlw@pen.io,Sweden
790,Dee dee,Burney,dburneylx@howstuffworks.com,Portugal
791,Bonny,Mackley,bmackleyly@surveymonkey.com,Japan
792,Harley,Verbeke,hverbekelz@livejournal.com,Malaysia
793,Melisandra,Sapshed,msapshedm0@ed.gov,Dominican Republic
794,Berti,Fragino,bfraginom1@toplist.cz,Malaysia
795,Tynan,Winsbury,twinsburym2@zimbio.com,Jordan
796,Eda,Planks,eplanksm3@ft.com,China
797,Maryrose,Rounding,mroundingm4@lulu.com,Poland
798,Paula,Renner,prennerm5@scribd.com,Belarus
799,Celia,Matchett,cmatchettm6@usda.gov,United States
800,Leslie,Ludovico,lludovicom7@topsy.com,Portugal
801,Florida,Rraundl,frraundlm8@123-reg.co.uk,China
802,Mervin,Cossentine,mcossentinem9@yahoo.com,Mexico
803,Cyndy,Cogzell,ccogzellma@multiply.com,Sweden
804,Rosalind,Biswell,rbiswellmb@hhs.gov,China
805,Evin,Edgeworth,eedgeworthmc@cmu.edu,France
806,Murdoch,Harmstone,mharmstonemd@godaddy.com,Greece
807,Rasla,Clement,rclementme@newsvine.com,Russia
808,Bartholomew,Bruyett,bbruyettmf@wix.com,Netherlands
809,Ramona,Tenney,rtenneymg@ustream.tv,China
810,Guinna,Ulyat,gulyatmh@surveymonkey.com,French Polynesia
811,Mildrid,Dallan,mdallanmi@mapy.cz,Japan
812,Thomasa,Parkin,tparkinmj@paginegialle.it,Botswana
813,Ernaline,Vegas,evegasmk@baidu.com,Japan
814,Thaddeus,Sapsforde,tsapsfordeml@va.gov,Japan
815,Graehme,Shalliker,gshallikermm@sourceforge.net,Poland
816,Vidovic,Dwight,vdwightmn@360.cn,France
817,Bastien,Burgoine,bburgoinemo@odnoklassniki.ru,China
818,Giles,Carmont,gcarmontmp@webeden.co.uk,Philippines
819,Friedrich,Charte,fchartemq@imageshack.us,Philippines
820,Shelley,Blowen,sblowenmr@dyndns.org,Spain
821,Lindsay,Sinton,lsintonms@amazon.com,Portugal
822,Sarene,Costanza,scostanzamt@google.com.au,Latvia
823,Adan,Kix,akixmu@sohu.com,Canada
824,Winny,Drowsfield,wdrowsfieldmv@opera.com,China
825,Myriam,Jewess,mjewessmw@wordpress.com,Brazil
826,Orson,Skinn,oskinnmx@wikipedia.org,Philippines
827,Osbourn,Macci,omaccimy@360.cn,Japan
828,Wendye,McErlaine,wmcerlainemz@biblegateway.com,China
829,Maurise,O'Towey,motoweyn0@jimdo.com,Tanzania
830,Hester,Heindrick,hheindrickn1@canalblog.com,Argentina
831,Lela,Abrahamian,labrahamiann2@xinhuanet.com,Japan
832,Lanie,Allwright,lallwrightn3@businessinsider.com,Moldova
833,Shem,Tomik,stomikn4@liveinternet.ru,Indonesia
834,Natasha,Marcroft,nmarcroftn5@barnesandnoble.com,Argentina
835,Lance,Renol,lrenoln6@bloglovin.com,China
836,Saba,Freegard,sfreegardn7@homestead.com,Croatia
837,Calida,Riepl,criepln8@barnesandnoble.com,Ghana
838,Delly,Ching,dchingn9@desdev.cn,Belarus
839,Mariel,Dominetti,mdominettina@alibaba.com,Afghanistan
840,Ingamar,MacAlpyne,imacalpynenb@1und1.de,Ireland
841,Antons,Coate,acoatenc@utexas.edu,Greece
842,Darcey,Brattell,dbrattellnd@census.gov,China
843,Berti,Kleimt,bkleimtne@google.cn,Kosovo
844,Coop,Gabites,cgabitesnf@icio.us,Japan
845,Caren,Plevey,cpleveyng@biglobe.ne.jp,Brazil
846,Cecilla,Ianitti,cianittinh@senate.gov,Spain
847,Lauree,Le Gassick,llegassickni@blogspot.com,China
848,Drusi,Muckart,dmuckartnj@tinyurl.com,Greenland
849,Trstram,Boshard,tboshardnk@51.la,Malta
850,Tanney,Ornillos,tornillosnl@vkontakte.ru,China
851,Jemmy,Shadfourth,jshadfourthnm@census.gov,Ethiopia
852,Starlin,Seide,sseidenn@histats.com,Indonesia
853,Tawnya,Rosie,trosieno@woothemes.com,China
854,Oates,Lille,olillenp@1688.com,Vietnam
855,Ali,Goudge,agoudgenq@weather.com,Sweden
856,Cinda,Kenright,ckenrightnr@qq.com,Brazil
857,Dodie,Lackemann,dlackemannns@cbslocal.com,Argentina
858,Durand,Bradnock,dbradnocknt@japanpost.jp,United Kingdom
859,Lianne,Scampion,lscampionnu@oaic.gov.au,United States
860,Antonin,Tovey,atoveynv@alexa.com,Mexico
861,Sherrie,Ivanisov,sivanisovnw@ow.ly,Honduras
862,Whitney,Lanigan,wlanigannx@uiuc.edu,Brazil
863,Davide,Vallerine,dvallerineny@ihg.com,Brazil
864,Morgana,Thrift,mthriftnz@pcworld.com,Indonesia
865,Katerine,Scullion,ksculliono0@ucsd.edu,Indonesia
866,Bryce,Deener,bdeenero1@naver.com,Poland
867,Maurise,Leason,mleasono2@nba.com,Ghana
868,Lyndy,Ivanonko,livanonkoo3@de.vu,Russia
869,Ruthann,Hullbrook,rhullbrooko4@spiegel.de,Ukraine
870,Joletta,Tytcomb,jtytcombo5@ebay.com,China
871,Hayden,Olyunin,holyunino6@seesaa.net,Malaysia
872,Florence,Ferriday,fferridayo7@vk.com,Paraguay
873,Kristopher,Frediani,kfredianio8@ezinearticles.com,France
874,Ruth,Hryniewicz,rhryniewiczo9@macromedia.com,Macedonia
875,Granger,Gridley,ggridleyoa@walmart.com,Ukraine
876,Catrina,Millwater,cmillwaterob@goo.ne.jp,Poland
877,Mala,Gomez,mgomezoc@furl.net,Indonesia
878,Hetti,Klimontovich,hklimontovichod@ycombinator.com,Brazil
879,Randall,McBain,rmcbainoe@blinklist.com,Iraq
880,Lorianna,Van Niekerk,lvanniekerkof@feedburner.com,Russia
881,Gerianna,Ahren,gahrenog@toplist.cz,Philippines
882,Ferguson,Burnhard,fburnhardoh@census.gov,China
883,Seumas,De Bruijn,sdebruijnoi@xrea.com,Japan
884,Olivie,Corris,ocorrisoj@bizjournals.com,United States
885,Allen,Igoe,aigoeok@deviantart.com,Portugal
886,Cindelyn,Matzkaitis,cmatzkaitisol@wordpress.com,Uzbekistan
887,Saba,Withrop,swithropom@fotki.com,Mexico
888,Noelle,Olerenshaw,nolerenshawon@tmall.com,Indonesia
889,Thain,Guiraud,tguiraudoo@4shared.com,Madagascar
890,Sisile,Cordova,scordovaop@ebay.co.uk,Russia
891,Evonne,Aspinell,easpinelloq@yelp.com,China
892,Lynn,Wilber,lwilberor@google.com.hk,Philippines
893,Dorolisa,Kinsett,dkinsettos@walmart.com,Brazil
894,Kelley,Merit,kmeritot@tuttocitta.it,Spain
895,Jocelyne,Lewisham,jlewishamou@shutterfly.com,Slovenia
896,Georg,Fitter,gfitterov@amazon.com,Croatia
897,Ralph,Chedgey,rchedgeyow@thetimes.co.uk,Russia
898,Jere,Pencost,jpencostox@google.de,Brazil
899,Alyce,Eggerton,aeggertonoy@blogger.com,Czech Republic
900,Reed,Matantsev,rmatantsevoz@dyndns.org,Taiwan
901,Benoite,Steffans,bsteffansp0@narod.ru,Myanmar
902,Hedi,Attiwill,hattiwillp1@timesonline.co.uk,Colombia
903,Sarita,Walesa,swalesap2@abc.net.au,Netherlands
904,Berne,Kasting,bkastingp3@over-blog.com,Indonesia
905,Scarlet,Bowller,sbowllerp4@rediff.com,Indonesia
906,Joni,Gomez,jgomezp5@alexa.com,Peru
907,Jeralee,Joicey,jjoiceyp6@mail.ru,Indonesia
908,Liuka,Stoaks,lstoaksp7@state.tx.us,Vietnam
909,Merrilee,Torrijos,mtorrijosp8@jalbum.net,Venezuela
910,Rena,Ferencz,rferenczp9@mayoclinic.com,China
911,Rowney,Croxall,rcroxallpa@ucoz.ru,Cuba
912,Jefferey,Peschka,jpeschkapb@vk.com,Indonesia
913,Eyde,Bickerstasse,ebickerstassepc@aboutads.info,Indonesia
914,Jehu,Vivash,jvivashpd@typepad.com,China
915,Hilly,Semper,hsemperpe@opera.com,Czech Republic
916,Brock,Dearlove,bdearlovepf@marketwatch.com,China
917,Davin,Cavanaugh,dcavanaughpg@discovery.com,Cuba
918,Cindy,Talbot,ctalbotph@narod.ru,Japan
919,Ellie,Skewes,eskewespi@twitpic.com,Brazil
920,Lissi,Book,lbookpj@studiopress.com,Thailand
921,Joey,Stearn,jstearnpk@msu.edu,China
922,Robbert,Pleven,rplevenpl@stumbleupon.com,China
923,Mickey,Astridge,mastridgepm@berkeley.edu,Indonesia
924,Cam,Welbourn,cwelbournpn@diigo.com,South Africa
925,Gayleen,De Souza,gdesouzapo@bloglines.com,Portugal
926,Sibelle,Beautyman,sbeautymanpp@nydailynews.com,Taiwan
927,Ambrosio,Morit,amoritpq@tamu.edu,China
928,Elvis,Hollows,ehollowspr@sina.com.cn,Indonesia
929,Alicia,Stirling,astirlingps@techcrunch.com,Brazil
930,Carlita,Meiningen,cmeiningenpt@shareasale.com,China
931,Jessamyn,Goodnow,jgoodnowpu@domainmarket.com,China
932,Romonda,Daudray,rdaudraypv@about.me,Macao
933,Odille,Gault,ogaultpw@google.es,Russia
934,Laurella,Cleland,lclelandpx@tinypic.com,China
935,Leda,Olivet,lolivetpy@businesswire.com,Indonesia
936,Che,Papis,cpapispz@yellowbook.com,Czech Republic
937,Felicle,Few,ffewq0@nbcnews.com,China
938,Aron,Sedge,asedgeq1@facebook.com,China
939,Renata,O'Fallon,rofallonq2@wp.com,China
940,Tressa,Battye,tbattyeq3@mlb.com,Argentina
941,Nathanil,Monteith,nmonteithq4@vimeo.com,Indonesia
942,Codee,Prestidge,cprestidgeq5@feedburner.com,Vietnam
943,Powell,Aspole,paspoleq6@stanford.edu,Nigeria
944,Evey,Shale,eshaleq7@wufoo.com,Iran
945,Cassie,Spaven,cspavenq8@etsy.com,China
946,Mirella,Coots,mcootsq9@instagram.com,Bulgaria
947,Welsh,Edleston,wedlestonqa@census.gov,Bangladesh
948,Maryl,Branford,mbranfordqb@freewebs.com,China
949,Charley,Millis,cmillisqc@google.com.hk,China
950,Joanne,Wolverson,jwolversonqd@globo.com,Guatemala
951,Caria,Horsefield,chorsefieldqe@disqus.com,Spain
952,Woody,Caffrey,wcaffreyqf@dailymotion.com,Russia
953,Myrwyn,Cuerdall,mcuerdallqg@wordpress.org,Poland
954,William,O' Sullivan,wosullivanqh@buzzfeed.com,China
955,Wayland,Bourton,wbourtonqi@goo.gl,Russia
956,Baxy,Aleksashin,baleksashinqj@blinklist.com,Greece
957,Faunie,Sheering,fsheeringqk@hostgator.com,Portugal
958,Nellie,Haslum,nhaslumql@amazon.com,Greece
959,Nathalia,Raddin,nraddinqm@mtv.com,Indonesia
960,Conchita,Birt,cbirtqn@amazon.com,Sweden
961,Anthia,O'Skehan,aoskehanqo@naver.com,China
962,Dotti,Marsie,dmarsieqp@shinystat.com,Brazil
963,Eolanda,Kiossel,ekiosselqq@bloomberg.com,Philippines
964,Luci,Havis,lhavisqr@stanford.edu,China
965,Claudie,Canto,ccantoqs@si.edu,Uzbekistan
966,Davin,Rapley,drapleyqt@walmart.com,Ivory Coast
967,Hartwell,Keigher,hkeigherqu@ask.com,Brazil
968,Arlen,Vispo,avispoqv@csmonitor.com,Madagascar
969,Giffie,Picardo,gpicardoqw@yelp.com,France
970,Payton,Ledur,pledurqx@drupal.org,Bolivia
971,Ketti,Merricks,kmerricksqy@weibo.com,Brazil
972,Maddy,Kiehne,mkiehneqz@csmonitor.com,Brazil
973,Broddy,Corkel,bcorkelr0@psu.edu,China
974,Guglielma,Cropper,gcropperr1@csmonitor.com,Philippines
975,Ulrich,Dursley,udursleyr2@ezinearticles.com,Morocco
976,Paco,Bowcock,pbowcockr3@gravatar.com,France
977,Bernette,Greste,bgrester4@posterous.com,Indonesia
978,Evin,Kuschke,ekuschker5@weebly.com,Indonesia
979,Torie,Comben,tcombenr6@tmall.com,Indonesia
980,Myrtie,Canning,mcanningr7@netlog.com,China
981,Odessa,Johncey,ojohnceyr8@networkadvertising.org,Croatia
982,Tanitansy,Drakeford,tdrakefordr9@ox.ac.uk,China
983,Queenie,Pieracci,qpieraccira@reuters.com,Peru
984,Ervin,Casbon,ecasbonrb@vinaora.com,Brazil
985,Mendy,Bourthouloume,mbourthouloumerc@marketwatch.com,Indonesia
986,Martica,Halvosen,mhalvosenrd@hhs.gov,Angola
987,Antonietta,Taaffe,ataaffere@aboutads.info,Russia
988,Kim,Lapworth,klapworthrf@amazon.co.uk,Portugal
989,Dave,Milmoe,dmilmoerg@biglobe.ne.jp,Russia
990,Marcellus,Zottoli,mzottolirh@state.gov,China
991,Bernette,Desvignes,bdesvignesri@tumblr.com,Poland
992,Adey,Jermyn,ajermynrj@homestead.com,China
993,Joe,Gwillyam,jgwillyamrk@lulu.com,Russia
994,Patricio,Davidovic,pdavidovicrl@moonfruit.com,Albania
995,Arleen,Pontain,apontainrm@auda.org.au,Malaysia
996,Jenni,Doberer,jdobererrn@surveymonkey.com,Portugal
997,Eveleen,Buncher,ebuncherro@reuters.com,China
998,Waldemar,Oslar,woslarrp@gov.uk,Russia
999,Mikaela,Morrel,mmorrelrq@intel.com,France
1000,Pryce,Petrik,ppetrikrr@spotify.com,Portugal